<?xml version="1.0" encoding="utf-8" ?>

<indicators>
  <indicator type="dns_request">
    <hostname>southmountainprimarycare.com</hostname>
  </indicator>
  <indicator type="http_get">
    <useragent>Vicious pony 5.32</useragent>
    <language>en-US</language>
    <url>http://southmountainprimarycare.com/powerpowerpower.ps1</url>
  </indicator>
  <indicator type="http_get">
    <useragent>Vicious pony 5.32</useragent>
    <language>en-US</language>
    <url>http://southmountainprimarycare.com/forms/kubernetes/rocks/check.php</url>
  </indicator>
  <indicator type="http_get">
    <useragent>Vicious pony 5.32</useragent>
    <language>en-US</language>
    <url>http://southmountainprimarycare.com/forms/kubernetes/rocks/insert.php</url>
  </indicator>
  <indicator type="http_get">
    <useragent>Vicious pony 5.32</useragent>
    <language>en-US</language>
    <url>http://southmountainprimarycare.com/forms/kubernetes/rocks/query.php</url>
  </indicator>
</indicators>
