<?xml version="1.0" encoding="utf-8" ?><indicators>  <indicator type="dns_request">    <hostname>workforce4.com</hostname>  </indicator>  <indicator type="http_get">    <useragent>Chrome Next-Gen</useragent>    <language>en-US</language>    <url>http://spacesatmodels.com/</url>  </indicator>  <indicator type="http_post_file">    <url>http://spacesatmodels.com</url>    <param_name>fileToUpload</param_name>    <file>Research_Development.docx</file>    <file_type>application/vnd.openxmlformats-officedocument.wordprocessingml.document</file_type>    <fields>      <field>        <key>submit</key>        <value>Upload File</value>      </field>    </fields>  </indicator></indicators>