<?xml version="1.0" encoding="utf-8" ?>

<indicators>
  <indicator type="dns_request">
    <hostname>vvcmart.info</hostname>
  </indicator>
  <indicator type="http_get">
    <useragent>Mozilla/5.0 (compatible; MSIE 10.0; Windows NT 6.2; Trident/6.0)</useragent>
    <language>en-US</language>
    <url>http://vvcmart.info/emailsaremine/am9obi5kaWxseS5jdHJAbWFpbC5taWw=</url>
  </indicator>
  <indicator type="http_get">
    <useragent>Mozilla/5.0 (compatible; MSIE 10.0; Windows NT 6.2; Trident/6.0)</useragent>
    <language>en-US</language>
    <url>http://vvcmart.info/</url>
  </indicator>
  <indicator type="http_get">
    <useragent>Mozilla/5.0 (compatible; MSIE 10.0; Windows NT 6.2; Trident/6.0)</useragent>
    <language>en-US</language>
    <url>http://vvcmart.info/agenda.pdf</url>
  </indicator>
</indicators>
