<?xml version="1.0" encoding="utf-8" ?>

<indicators>
  <indicator type="dns_request">
    <hostname>bluerivermexicangrill.com</hostname>
  </indicator>
  <indicator type="http_get">
    <useragent>Mozilla/5.0 (compatible; MSIE 10.0; Windows NT 6.2; Trident/6.0)</useragent>
    <language>en-US</language>
    <url>http://bluerivermexicangrill.com/mine/all/the/things/miner.htm</url>
  </indicator>
  <indicator type="http_get">
    <useragent>Mozilla/5.0 (compatible; MSIE 10.0; Windows NT 6.2; Trident/6.0)</useragent>
    <language>en-US</language>
    <url>http://bluerivermexicangrill.com/buy_the_heavycoins.ppt</url>
  </indicator>
</indicators>
